,#,App Names,Category?,Description,Is it under Operation?,Live? Yes/No,Who Support?,Remarks
,1,Alfabet & Aris,,,,,,
,2,Alteryx,,,,,Syed Nisar,
,3,Application Performance Management - AppDynamics,,,,Yes,Mirza - Amjad Alhothily,
,4,Auction,,,,,Laith - Mahmoud Kamal,
,5,Audit Card,,,,,,
,6,Azure DevOps,Tool,,,,Mahmoud Dorgamy ,
,7,Bitrix24,,,,,,
,8,Bonded Zone Management solution,,,,,,
,9,BPM (Webmethods),,,,,Surya - Koti,
,10,Celonis,Tool,,,,,
,11,Chatbot,Application,,,Yes,Imran - Shaden ,
,12,Collection system,,,,,Utkash - Nikhilesh,
,13,Convene,,,,,,
,14,Data Visualization Center Platform,Application,,,,,
,15,Declaration Reception System,,,,,,
,16,Diwan,Application,,,Yes,Katherbasha - Nehal - Renad - Fatimah - Indu,
,17,EDI,,,,,Mohammed Amer - Muneeb - Ismail - Kasim - Tameem - Firoz,
,18,E-Invoicing,,,,,Nabila - Srinath - Venu - Mohammed Ahmed - Fawaz - Mohammed Alshiki,
,19,E-mail service Management,Service,,,,,
,20,Enquiry portal,,,,,Jhona - Abdullah Alsubaie ,
,21,E-Service & Customs Integration Services,,,,,,
,22,ETL,,,,,,
,23,Fahes ,,,,,Mahmoud Dorgamy - Joud Albalwi,
,24,FATCA & Portal (ZATCA AEOI),,,,,Utkash - Nikhilesh,
,25,GenAI,AI Model,,Dev,,Dev,
,26,Greeter System,,,,,Imran - Shaden ,
,27,GSTC,,,,,Mishal Alobid - Najod Algulifi - Hajer Alsehri ,
,28,IDEA,Tool,,,,,
,29,Informatica,Tool,,,,,
,30,Inspection Portal,,,,,,
,31,integration Gateway,,,,,Sohail - Kishor - Hasena - Amjad,
,32,Jira & confluence,,,,,Gowne Sumant - Venkata,
,33,Kronos,,,,,Syed Akram - Amjad Alhotily,
,34,Lijan,,,,,,
,35,Live Chat system,,,,,Imran - Shaden ,
,36,Lucydia,,,,,,
,37,Manafeth ,,,,,,
,38,Mashroat – P+,,,,,,
,39,MC suspension,,,,,Mahmoud Dorgamy - Joud Albalwi,
,40,Microsoft CRM,,,,,Islam Ibrahim -  Wafa Alofi,
,41,Murasalat,,,,,Gowne Sumant - Utkash ,
,42,Naseej,Service,,,,,
,43,Nibras,,,,,Amer Abdulmaksood - Hasan Alsadi - Mohammed Hasan - Yaser Hasan - Ahmad Hamoud - Mohammed Ezz - Ayman Jad -,
,44,Notification Engine,,,,,,
,45,Objection & Settlment,,,,,,
,46,OpenText,,,,,,
,47,Power BI,,,,,Abeer Alshamri ,
,48,QPR,,,,,,
,49,Remedy,,,,,,
,50,RETT,,,,,Jhona - Mohammed Shoueb,
,51,SAMA Portal service,,,,,Mahmoud Dorgamy - Joud Albalwi,
,52,"SAP S4HANA (FICO, FIORI, CPI, ALM,  MM, and HCM ABAP)",,,,,,
,53,SAP SuccessFactors,,,,,,
,54,SAS Risk Engine,,,,,Kiran - Sridhar,
,55,Smart Contracts,,,,,Jhona,
,56,SMS Portal) Rayah,,,,,,
,57,SMS Portal) Rich,,,,,,
,58,TeamMate,Tool,,,,,
,59,Terradata,Tool,,,,,
,60,VoC - Medallia,,,,,,
,61,WebEOC/DRA,Application,,,,Niklish - Renad,
,62,Yesser GSB/GSN,,,,,,
,63,Zakaty,,,,,Mahmoud Dorgamy - Joud Albalwi,
,64,ZATCA Mobile,,,,,,
,65,ZATCA Portal,,,,,Indu - Laith - Mahmoud Kamal ,
,66,Labiba Video Call,Tool,,,,,
,67,UiPath,Application,,,,,
